Id,Date,Time
2015230014,2019-07-07,06:19:12
2015230019,2019-07-07,06:19:12
2015230014,2019-07-07,06:19:12
2015230019,2019-07-07,06:19:12
2015230014,2019-07-07,06:19:12
2015230019,2019-07-07,06:19:12
2015230014,2019-07-07,06:19:12
2015230056,2019-07-07,06:19:12
2015230056,2019-07-07,06:19:12
2015230056,2019-07-07,06:19:12
2015230056,2019-07-07,06:19:12
2015230056,2019-07-07,06:19:12
2015230056,2019-07-07,06:19:12
2015230056,2019-07-07,06:19:12
2015230056,2019-07-07,06:19:13
2015230056,2019-07-07,06:19:13
2015230056,2019-07-07,06:19:13
2015230056,2019-07-07,06:19:13
2015230056,2019-07-07,06:19:13
2015230056,2019-07-07,06:19:13
2015230056,2019-07-07,06:19:13
2015230056,2019-07-07,06:19:13
2015230056,2019-07-07,06:19:13
2015230056,2019-07-07,06:19:13
2015230056,2019-07-07,06:19:13
2015230056,2019-07-07,06:19:13
2015230056,2019-07-07,06:19:13
2015230056,2019-07-07,06:19:13
2015230056,2019-07-07,06:19:14
2015230056,2019-07-07,06:19:14
2015230056,2019-07-07,06:19:14
2015230056,2019-07-07,06:19:14
2015230056,2019-07-07,06:19:14
2015230056,2019-07-07,06:19:14
2015230056,2019-07-07,06:19:14
2015230056,2019-07-07,06:19:14
2015230056,2019-07-07,06:19:14
2015230056,2019-07-07,06:19:14
2015230056,2019-07-07,06:19:14
2015230056,2019-07-07,06:19:14
2015230056,2019-07-07,06:19:14
2015230056,2019-07-07,06:19:14
2015230056,2019-07-07,06:19:15
2015230056,2019-07-07,06:19:15
2015230056,2019-07-07,06:19:15
2015230056,2019-07-07,06:19:15
2015230056,2019-07-07,06:19:15
2015230056,2019-07-07,06:19:15
2015230056,2019-07-07,06:19:15
2015230056,2019-07-07,06:19:15
2015230056,2019-07-07,06:19:15
2015230056,2019-07-07,06:19:15
